amount,merchant_risk,velocity_1h,account_age_days,geo_distance_km,device_risk,label
64.96,0.3189,1.0998,1391.4,71.07,0,0
81.63,0.3019,1.0047,981.1,96.26,0.4827,0
92.98,0.3699,0.5355,189.7,97.24,0.5122,1
71.46,0.3309,1.6786,1,58.14,0.3481,1
100.57,0.3067,1.5389,1073.7,134.76,0.0274,1
89.89,0.0774,0,475.2,15.89,0.4252,1
93.25,0.1306,1.9626,198.5,73.96,0.1912,1
74.0,0.4974,1.7746,1144.9,125.5,0.3457,1
48.06,0.2209,0.777,1249.5,62.49,0.7172,0
41.32,0.1522,1.8916,1895.3,115.4,0.4172,1
119.92,0.3331,0,527.5,146.7,0,0
71.17,0.3956,0.916,1406.5,120.65,0.7143,0
91.7,0.2403,0.6944,317.9,146.66,0.1366,1
67.54,0.4849,0.5489,694.4,0,0.0335,1
50.13,0.4248,2.2741,887.1,98.3,0.2836,0
107.97,0.5108,1.4463,192.3,143.24,0.3262,1
112.94,0.3446,2.9578,648.8,191.51,0.273,1
51.93,0.1469,1.0641,1896.3,137.15,0.3878,0
1,0.478,1.7003,515.1,36.08,0.2495,1
130.37,0.1601,0.815,1853.2,48.77,0.1771,0
73.42,0.1266,1.398,53.3,141.96,0.2506,1
149.92,0.4006,2.4291,1,71.45,0.3146,1
131.1,0.0474,2.0916,1313.9,187.35,0.3925,1
71.82,0.2561,0.0766,1036.8,66.58,0.6541,0
48.61,0.4077,0,623.2,98.28,0.4148,0
120.68,0.3421,0.1945,1220.5,116.19,0.3483,0
45.49,0.554,1.2791,1389.9,169.19,0.3719,0
80.03,0.7375,1.4193,692.8,87.84,0.5466,1
74.15,0.4435,2.2762,541.0,0,0.3099,1
78.04,0.2406,1.984,1325.3,10.35,0.3536,1
63.14,0.0831,1.6077,868.3,27.83,0.3546,0
87.08,0.246,1.5603,1610.5,30.11,0.3262,0
70.1,0.7579,0,1386.7,58.56,0.23,0
136.56,0.3485,3.2168,590.5,104.54,0.1518,1
45.83,0.3612,0.9457,1041.7,0,0.6505,0
64.16,0.6637,0.2936,1104.8,301.55,0.0761,0
17.66,0.2516,1.6252,1385.3,170.33,0.1986,0
13.92,0.2717,2.3162,1226.0,0,0.243,0
118.94,0.7328,1.7055,1116.5,0,0.0814,0
71.64,0.4406,1.7222,565.3,0,0.0944,1
29.51,0.4658,0,666.7,111.49,0.5544,0
72.5,0.5302,0.8409,378.9,32.79,0.5555,1
104.8,0.4377,4.1972,877.4,123.42,0.3115,1
62.23,0.7669,2.5559,1,52.01,0.3357,1
97.41,0.1073,0,1,75.02,0.2294,0
82.08,0.2115,0.0982,1,103.04,0.324,1
104.75,0.4923,1.0284,1844.5,70.45,0.1178,0
51.78,0.2447,0,1009.4,97.49,0.1775,0
45.02,0.4169,2.7452,926.8,44.47,0.1317,1
67.56,0.1223,1.0873,942.8,209.13,0.4387,1
106.19,0.2217,1.8029,102.4,101.84,0.3337,1
43.18,0.7099,1.7106,1,118.7,0.1685,1
70.05,0.4338,1.5515,1,0,0.4045,1
115.54,0.6926,2.8229,1,133.86,0,1
126.48,0.3956,0.1729,2306.9,125.08,0,0
80.27,0.2184,1.3002,574.4,176.14,0,1
81.11,0.6766,0.4557,1047.5,94.14,0.1121,1
92.68,0.3675,0.3506,2133.4,135.41,0.2166,0
47.72,0.2088,2.3078,797.5,112.16,0.2131,1
91.57,0.3291,1.8875,771.8,138.07,0.3845,1
65.92,0.1952,0.3539,381.5,11.09,0.4232,1
68.37,0.6326,3.2514,917.0,0,0.1737,1
67.36,0.0821,0.9746,1100.9,47.84,0.0963,0
43.44,0.6716,1.0563,319.0,53.9,0.4409,1
46.04,0.4367,1.8551,1424.4,177.98,0.1399,1
109.65,0.2073,0.8431,1737.3,137.57,0.2504,0
28.3,0.4511,0.6327,253.3,34.63,0.2993,1
1,0.4149,1.3565,490.8,152.58,0.3723,1
48.78,0.2294,1.8256,1,56.72,0.1238,1
72.45,0.388,1.2331,1694.4,95.96,0.187,0
27.62,0.4799,1.6753,1915.6,27.68,0.2553,0
67.95,0.3342,1.2094,1,137.75,0.3806,1
109.57,0.7549,0.9129,874.7,80.68,0.6384,1
9.41,0.4374,0,1,0,0,0
107.42,0.1937,0.9953,85.5,122.77,0.0296,0
116.12,0.1712,0.5117,985.9,81.73,0.5349,0
74.21,0.1326,0.6957,499.1,130.75,0.3268,1
65.82,0.5065,0.7244,804.6,92.65,0.5556,0
66.55,0.2869,0.2587,1380.2,38.86,0.3187,0
3.44,0.5378,0.0013,355.9,154.1,0,0
67.22,0.3634,0.3013,1840.1,184.91,0,0
19.29,0.4955,0.0273,628.0,89.07,0.3884,0
62.19,0.3671,0.5009,1804.7,45.33,0.3179,0
52.09,0.3691,1.0487,786.3,9.04,0.4093,1
119.49,0.3938,1.8591,1486.6,144.96,0.3107,1
77.43,0.5055,1.2619,218.3,81.67,0,1
69.79,0.4244,2.3124,1005.9,144.97,0.2499,1
34.18,0.096,0.3272,1,124.36,0.2085,1
89.96,0.3632,2.1396,1642.1,34.83,0.1951,0
51.35,0.0582,1.8077,1732.2,79.55,0.1514,0
108.18,0,1.3597,1000.3,40.04,0.5283,1
103.98,0.303,1.122,628.4,44.15,0,0
118.3,0.535,1.9183,134.0,225.66,0.646,1
76.58,0.1872,0.4202,1193.0,16.09,0.2432,0
108.1,0.0788,3.0052,1996.7,0,0,1
60.08,0.1644,0.9627,1,63.99,0.6106,1
30.92,0.3008,0,1346.8,64.23,0.6381,0
77.24,0.283,1.6952,545.6,0,0.3104,1
63.88,0.3799,1.5379,542.8,109.51,0.5975,1
31.23,0.6627,0.9815,363.4,249.91,0.281,1
117.96,0.4972,0,984.6,43.23,0,0
7.99,0.3684,1.7312,1173.5,58.59,0.0903,0
35.46,0.2501,0.2703,757.7,78.4,0.0708,0
61.88,0.2131,1.196,1255.0,92.47,0.3444,0
12.18,0.2818,1.4491,1348.8,0,0.2818,0
112.22,0.3179,1.1147,1215.3,97.3,0.3849,1
72.53,0.3774,0.4958,780.7,167.72,0.2092,1
64.1,0.2615,1.9085,301.7,143.74,0.0626,1
32.98,0.3871,1.3172,1108.3,154.38,0.1675,1
85.5,0.1862,2.3333,1342.7,117.56,0.2876,1
42.5,0.2911,1.6516,886.6,88.66,0,0
76.34,0.2255,0.225,791.7,0,0.3897,0
99.82,0.3404,0.3056,238.2,69.42,0,0
76.32,0.4696,0.9193,553.9,92.74,0.3201,1
108.3,0.3533,0.5792,577.1,92.74,0.5612,1
58.79,0.1605,0.4169,1,103.09,0,0
26.83,0,0.1938,1297.9,0,0,0
76.24,0.2886,1.589,1418.4,79.41,0,0
65.67,0.44,0.6753,1,157.18,0.167,1
55.68,0.3529,2.1274,1084.5,56.67,0.3864,0
145.15,0.5998,1.8056,114.4,342.64,0.0103,1
56.99,0.224,2.6642,1194.2,0,0.3035,1
89.14,0.2927,0.1018,392.5,49.42,0.2545,1
51.8,0.4823,0.345,1,28.24,0.5198,1
49.94,0.7713,1.6423,84.9,21.6,0.2987,1
28.78,0.7774,0.3082,1376.7,182.21,0.2282,0
35.14,0.3008,1.526,1513.0,83.97,0,0
71.48,0.2288,0,411.7,0,0.3674,1
138.05,0.6846,0.6841,572.8,128.21,0.4623,1
55.34,0.3243,3.1862,824.8,46.03,0.274,1
90.29,0.1661,0.9764,83.5,60.52,0.6254,1
95.96,0.3333,0.3602,682.0,153.55,0.1377,0
120.76,0.1027,0.939,2119.9,0,0.4877,0
5.2,0.3338,1.0447,1477.0,0,0,0
50.19,0.3566,0.3961,745.4,0,0.1697,0
40.36,0.3939,1.7233,1903.1,34.05,0.1864,0
71.67,0.2969,1.1532,1,106.02,0.067,1
36.51,0.0641,2.2449,801.6,160.46,0.3045,1
10.38,0.1549,1.8821,364.0,3.68,0.2141,1
63.81,0.1679,0.9065,565.1,0,0.3505,0
41.6,0.5848,0.1649,1,163.13,0,1
47.73,0.4575,0.9033,1,93.16,0.2111,1
114.93,0.456,3.9321,1,78.48,0.0367,1
110.42,0.4979,1.8786,355.9,27.84,0,1
129.83,0.4415,0.9652,1553.5,132.56,0.4451,0
13.18,0.2215,1.3759,1148.8,147.01,0.0483,0
74.45,0.747,1.8227,1509.4,78.66,0.4035,1
133.14,0.3692,2.3016,287.4,121.31,0.4308,1
43.68,0.5477,0.5923,336.3,79.92,0.6364,1
80.82,0.5184,0.5414,954.2,0,0.1358,0
99.25,0.3431,2.5062,758.3,66.14,0.5053,0
47.3,0.0764,2.3711,1189.9,0,0.2589,0
55.87,0.6641,0.5439,493.5,16.27,0.0392,0
45.48,0.0915,0.2719,1,0,0,1
51.76,0.2269,0.0962,1234.8,76.63,0.1636,0
53.76,0.6367,1.4158,1232.8,0,0.1193,1
1,0.2733,1.536,428.0,116.3,0.0455,0
90.15,0.0704,0.9645,1193.9,117.51,0.2245,1
137.89,0.2754,0.7941,1,203.83,0.1762,1
28.84,0.5878,2.312,975.8,0,0.3338,0
48.25,0.1393,2.139,1,119.7,0.3419,1
141.79,0.4085,0,314.7,84.53,0.3211,0
104.33,0,0.903,1578.9,188.08,0.6222,0
56.34,0.5476,2.7405,1738.6,130.66,0.4156,1
42.35,0.0895,2.0846,657.1,78.03,0.1343,1
56.25,0.3919,0.2803,948.0,97.22,0.2345,0
43.97,0.4916,2.8854,479.1,166.41,0.4279,1
1,0.213,0.6277,1447.2,93.19,0.3449,0
92.27,0.1882,0.5281,44.0,68.08,0.2262,0
75.99,0.2191,2.0159,1542.0,188.26,0.3923,0
76.49,0.471,1.7488,443.7,170.26,0.5937,1
139.19,0.3563,1.4918,1191.5,79.82,0.3739,1
65.76,0.3151,2.7831,1015.3,84.69,0.4264,1
75.26,0.4025,1.1428,45.7,77.83,0.0226,1
77.36,0.1373,2.025,1424.5,99.63,0.23,0
84.57,0,0.2129,795.9,104.17,0.2341,0
34.84,0.374,0.7917,152.0,103.07,0.208,1
111.88,0.4698,1.8612,1125.2,20.84,0.0629,1
18.51,0.8682,0.2285,753.1,54.77,0.1938,1
49.56,0.0137,0.3016,1,71.13,0.1132,1
45.95,0.3889,0.6755,1552.5,52.97,0.295,0
23.61,0.4682,0.8353,1186.1,103.1,0.2153,1
77.61,0.2806,2.4115,1554.0,113.77,0.014,1
31.52,0.2305,0.9795,1213.6,17.24,0.4854,1
70.13,0,0.7722,1,27.38,0.1402,1
48.64,0.2915,0.8453,484.4,185.17,0.493,1
30.04,0.5757,0,329.8,186.76,0,0
90.12,0.1244,1.0704,773.9,198.8,0.0879,1
67.58,0.4629,0.9734,324.6,75.86,0.2687,0
100.94,0.1803,0.7958,1126.1,68.3,0.2129,0
69.4,0.2247,0.4803,1208.5,3.34,0.4831,0
77.61,0.1202,1.4547,1017.1,133.35,0.4818,1
57.18,0.2226,0.6546,213.2,27.75,0.3069,1
70.53,0.2616,0.5356,1143.5,44.89,0.042,1
64.69,0.3024,0.237,1479.0,139.22,0.2582,0
74.59,0.4449,1.1722,1523.9,195.92,0.2661,0
85.41,0.5072,0.8958,110.2,143.42,0,1
132.61,0.5067,1.3689,935.8,202.6,0.0608,1
29.39,0.2423,0.9644,195.5,90.77,0.2772,1
41.51,0.6385,0,6.3,106.33,0.2085,1
84.62,0.2386,0.27,448.1,32.15,0.355,1
53.2,0.4871,1.7293,1628.4,143.05,0.4069,0
96.94,0.257,0.9643,1,100.42,0.1152,1
84.05,0.4449,0,190.3,55.55,0.1465,1
75.85,0.142,1.2425,1,0,0.3933,1
24.31,0.2492,0,1,52.08,0.168,0
104.39,0.4309,0.965,1430.4,158.16,0.3323,1
55.78,0.5333,2.7917,1362.4,203.95,0.4353,1
99.71,0.1538,0.1978,865.4,0,0.1314,0
100.36,0.2303,1.6799,1,45.45,0.4547,1
77.3,0.4023,2.7343,1807.8,18.62,0.5136,1
48.47,0.3468,1.2137,1651.1,0.95,0.3404,0
88.34,0.4961,1.0107,1602.4,30.19,0.4794,0
82.33,0.098,1.5671,1025.5,55.1,0.1027,0
61.59,0.0904,2.7216,110.2,33.71,0.479,1
90.48,0.4796,2.565,681.5,6.75,0.4189,1
97.87,0.2912,0.061,1767.4,120.31,0,0
97.3,0.0906,0.7656,113.7,35.35,0.0833,1
48.53,0.4804,1.4651,1340.1,156.46,0.1755,0
72.8,0.4469,2.7361,1529.4,176.71,0.4538,1
107.0,0.0288,1.9928,1049.0,83.8,0.1445,1
55.12,0.4249,1.956,1,95.27,0.1379,1
36.72,0.4207,0.9042,438.7,26.16,0.3063,0
69.65,0.1535,0.4431,772.2,108.36,0.0401,0
87.08,0.2017,3.655,241.3,24.69,0.2888,1
38.42,0.499,2.8213,628.7,92.09,0.1464,1
70.0,0.6077,2.0048,267.0,188.21,0.4824,1
87.02,0.2313,1.2591,343.2,112.73,0.1867,1
1,0.5167,1.3723,1654.9,70.47,0.2877,0
109.04,0.4198,1.4592,3150.1,68.17,0.2838,0
130.69,0.2051,0.2631,1,117.36,0.3751,1
95.95,0.1064,2.1053,1738.1,73.19,0.2565,0
93.65,0.4161,1.7778,139.7,67.78,0.0075,1
92.09,0.4454,1.1111,1107.8,0,0.4216,0
53.65,0.3732,2.2038,370.4,163.81,0.2748,1
70.99,0.4501,0.0777,1315.9,84.31,0.4573,0
62.41,0.2846,1.5327,858.4,0,0.2112,0
114.37,0.3332,0.4166,1401.2,0,0,0
69.85,0.3826,1.3984,275.1,69.47,0,1
77.68,0.0592,1.0657,1083.1,0,0.1455,0
97.59,0.6288,0,1137.9,0,0,1
125.86,0.4703,0.4762,1053.3,124.94,0.2863,0
148.65,0.459,0,696.9,28.44,0.2092,1
70.47,0.2328,0.2236,1854.4,121.81,0.1159,0
93.79,0.4715,2.3406,161.3,134.59,0.1284,1
110.43,0.3154,0,924.7,0,0.2066,0
67.96,0.2778,0,119.0,20.88,0.2004,0
115.1,0.4776,0.775,1791.7,0,0.387,0
63.87,0.3925,1.7746,424.3,136.08,0.2481,1
154.41,0.2952,2.3423,1353.0,0,0.5221,1
32.89,0,1.968,1648.3,83.64,0.1978,1
125.43,0.4781,0.6097,1412.1,0,0.1382,0
33.21,0,0.1404,1755.6,3.15,0.14,0
29.37,0.5058,1.2011,1243.5,72.6,0.0158,1
35.91,0.5007,1.1483,1442.1,0,0.472,0
52.71,0.7411,0.7403,919.8,126.23,0.0748,1
100.55,0.2339,2.3602,1455.2,114.69,0.1052,1
62.63,0.404,0,513.8,145.67,0,0
114.76,0.2369,1.4909,96.6,113.91,0.3425,1
109.77,0.5937,2.3282,1046.2,0,0.5148,1
24.36,0.271,1.8634,1210.5,191.51,0.2492,0
10.85,0.3005,1.3567,654.6,178.87,0.2005,0
19.75,0.434,0.1671,2089.9,98.91,0,0
107.78,0.7765,0,1532.2,113.88,0.2851,0
82.02,0.4385,0.5763,1887.7,0,0.6417,0
123.47,0.1365,1.1951,1893.9,45.63,0.2175,0
55.92,0.5601,0.6531,893.1,117.82,0.2085,1
39.67,0.1085,0,74.1,0,0.1046,1
80.51,0.3597,0.456,187.4,10.46,0,0
26.74,0.4786,0,912.1,36.74,0.7356,0
7.11,0.3848,0.8996,360.2,102.06,0.2811,1
32.59,0.4267,1.5503,1816.6,37.3,0.5441,0
63.11,0,1.6708,842.9,18.24,0.4366,1
53.49,0.533,1.1256,1425.2,127.56,0.3446,0
33.88,0.5155,1.2196,2301.6,113.51,0.4002,1
43.23,0.2769,1.287,80.7,0,0.2283,1
67.27,0.3864,2.2054,619.8,127.66,0.2211,1
63.21,0.3963,0,946.4,35.32,0.064,0
3.96,0.2703,0,1509.1,63.25,0,0
46.43,0.4859,0.6646,703.1,54.16,0.2243,1
10.51,0.3418,0.6977,2967.6,65.09,0.1589,0
104.6,0.3219,1.428,288.1,188.87,0.1245,1
83.14,0.5538,0.9259,899.9,121.06,0.3865,1
31.85,0.3827,0.3492,378.2,34.61,0.4932,1
125.88,0.819,1.1491,311.0,12.14,0.5715,1
16.16,0.2929,0.6905,2125.0,9.07,0.4703,0
115.97,0.32,1.6189,1,73.83,0.207,1
1,0.4248,1.5196,1,0,0.1001,1
51.48,0.2949,0.3377,194.5,101.46,0.155,1
66.26,0.3087,1.6115,792.0,140.31,0.2706,1
101.12,0.5745,0,1545.4,204.8,0.0555,0
68.88,0.2857,1.5968,1264.0,33.15,0.5125,0
40.02,0.3251,2.1212,2267.4,44.11,0.4065,0
77.7,0.0652,0.3403,56.7,44.77,0.1666,1
70.98,0.58,1.5802,2757.1,62.96,0.4079,0
84.5,0.6212,0.8592,1491.7,194.04,0.1058,1
67.38,0.4408,0.8087,287.3,208.29,0.2041,1
130.69,0.2585,1.0136,1458.0,65.58,0.0702,0
44.8,0.3991,0.6005,961.6,0,0.1384,1
63.69,0.2577,0.3058,281.5,84.94,0.5474,1
21.06,0.3003,2.0793,1134.1,73.44,0.1599,0
70.46,0.3318,0,399.0,0,0.5082,0
98.79,0.2081,1.9244,2614.1,36.38,0.5099,0
82.69,0.3074,0.2047,510.9,52.36,0,1
88.57,0.2921,1.6133,606.5,289.88,0,1
37.34,0.4769,3.3226,205.3,208.05,0.0666,1
115.27,0.3636,3.207,2147.4,34.66,0.8371,0
30.65,0.2935,2.8271,385.7,35.11,0.2761,1
85.84,0.4197,0.5289,1037.8,124.62,0.5508,1
81.49,0.1245,1.2256,465.6,172.33,0,1
89.59,0.1582,2.3449,1439.8,95.35,0.351,1
58.21,0.4716,1.1553,1411.8,84.1,0,0
52.02,0.6231,2.5073,973.2,71.18,0.183,1
92.07,0.4542,0.3188,1363.2,166.3,0.059,1
63.46,0.4334,1.8505,605.6,42.99,0.1572,1
83.48,0.4272,1.1825,1,3.7,0.3774,1
27.26,0.3907,0.8753,478.4,81.87,0.5853,1
80.11,0.2968,0,1258.6,159.57,0.3715,0
110.81,0.4358,0.0271,868.5,116.74,0.3942,0
52.74,0.3386,1.5293,1789.9,150.37,0.3793,0
83.87,0.1654,0.2091,835.7,152.91,0.3291,0
89.64,0.0797,0,1683.9,77.58,0,0
100.88,0.3964,3.8563,1775.0,104.27,0.2198,1
78.13,0.3315,0,1549.3,99.24,0,0
47.76,0.2008,2.0828,869.2,184.12,0,1
32.35,0.5421,0.6103,159.0,43.13,0.098,1
88.88,0.5513,0,696.5,81.0,0.2664,0
99.16,0.3716,0.6782,121.7,0,0.1758,1
70.5,0.5159,0.86,2526.6,74.65,0.1533,0
83.32,0.1753,1.388,1,127.33,0.2633,1
77.37,0.3779,0.0536,271.0,189.65,0.3489,1
49.1,0.4258,1.5669,2268.1,157.72,0.3322,0
54.28,0.6711,1.1086,290.6,0,0.0775,1
57.26,0.4878,2.0219,1705.7,90.71,0.4163,1
149.08,0.5139,2.6426,1,28.07,0.0998,1
1,0.3633,2.4532,525.3,93.68,0.0792,1
52.79,0.4014,0.1238,1721.8,0,0.3144,0
52.8,0.618,1.8857,1,0,0.0497,1
52.42,0.316,1.2272,1371.5,0,0,0
78.84,0.285,1.107,450.7,67.88,0.5473,1
13.19,0.1294,1.7774,1997.2,65.6,0,0
1,0.3969,0.0756,2422.9,243.91,0.2953,0
86.99,0.3288,2.2276,897.9,84.43,0.5221,1
91.92,0.7336,0,511.1,16.73,0.4184,1
52.72,0.4584,0.1479,834.0,240.79,0.5777,1
4.25,0.4156,1.9437,554.6,2.83,0.3824,1
73.53,0.4495,1.0578,2531.8,16.03,0.1508,0
88.02,0.4817,0,1808.1,0,0.2513,0
59.25,0.2226,2.2199,1,28.85,0.0694,1
100.62,0.6291,1.8979,1876.7,0,0.2827,0
21.59,0.2825,1.4202,966.2,176.3,0,1
40.75,0.0835,0,1604.0,92.77,0.5613,0
111.48,0.3623,0.3273,1594.3,31.59,0.0101,0
29.74,0.3719,2.339,936.8,165.71,0.2683,1
55.07,0.8398,2.8389,1037.8,21.75,0,0
84.05,0.304,1.6203,1126.1,110.54,0.4784,1
81.0,0.2198,0.5065,1308.2,4.97,0.3937,0
95.0,0.3421,0.4967,1,1.32,0,1
70.93,0.2704,0.3714,1510.8,89.05,0.2595,0
89.53,0.5366,0,1394.7,0,0.0911,0
105.43,0.4744,1.7983,1027.5,178.91,0,1
59.32,0.3585,3.0318,1618.6,152.69,0.0977,1
148.74,0.4349,0.2947,2541.8,0,0.0763,0
61.81,0.1735,1.6745,1093.7,87.95,0.6288,1
12.81,0.5959,0.4578,1923.5,213.36,0.7103,0
63.33,0.1406,1.4951,862.6,0,0.3971,0
37.71,0.6096,2.0686,703.1,82.53,0.2015,1
53.99,0.9077,0.3574,938.7,149.4,0.1731,1
48.0,0.1108,2.2728,1398.4,112.9,0,0
87.63,0.4014,0.8957,1,76.03,0.0758,1
72.8,0.3614,0.8957,1517.4,75.38,0.3558,0
84.64,0.5315,0.3323,658.3,144.54,0.2807,0
109.4,0.4841,0.7998,1516.4,61.98,0.4413,0
134.88,0.5465,3.2606,1,41.61,0.1967,1
55.99,0.417,0.8687,1674.3,148.93,0.3327,0
34.57,0.4485,1.8069,1147.7,82.1,0.5301,1
50.81,0.284,1.8004,1271.6,139.68,0.1932,0
23.99,0.1272,0.8106,1454.7,135.46,0,0
88.69,0.3343,0.2621,2433.5,98.48,0.4155,0
159.86,0.2454,0.8429,1942.3,0,0.2648,0
71.62,0.5246,1.5649,260.8,148.06,0.419,1
33.21,0.2262,0.7268,95.5,154.53,0.1852,0
60.28,0.1632,0.8449,1939.5,132.38,0,0
35.36,0.4644,0.7517,512.7,19.77,0,0
73.34,0.2816,2.2263,853.3,12.44,0.3888,1
117.12,0.2176,0,564.7,0,0.5783,1
21.43,0.291,2.5262,1509.8,44.04,0.0934,0
63.65,0.3068,2.5468,791.7,0,0.4472,1
106.28,0.3092,1.8949,935.9,0,0.2338,0
29.94,0.2359,0.355,1133.0,93.05,0,0
37.81,0.3495,1.6179,950.6,0,0.5074,0
132.03,0.6351,1.6897,1370.4,34.21,0.2877,0
30.43,0.3719,0,1309.6,55.18,0.4034,0
76.39,0.2673,1.959,78.6,61.46,0.1425,1
96.04,0.3364,1.443,1267.8,0,0.0647,0
74.06,0.5322,1.7153,1817.5,64.49,0.2701,1
52.51,0.2716,0.4526,519.7,66.67,0.1197,0
70.93,0.0226,1.5851,1024.2,111.24,0.1573,0
52.21,0.5268,1.0609,2290.6,0,0.2005,0
30.54,0.2084,0.489,563.5,134.8,0.0212,1
91.35,0.0906,0.835,1823.9,112.34,0.3045,0
92.05,0.4537,1.7652,1882.6,7.31,0.2359,0
92.3,0.4849,1.7023,1814.6,44.93,0,0
114.53,0.3499,0.7062,925.0,49.74,0.4512,1
101.16,0.4061,1.6868,922.8,151.86,0,1
29.11,0.3428,0.8279,234.6,123.4,0.0543,1
77.61,0.3724,1.2519,319.6,66.48,0.4954,1
89.02,0.5233,1.1279,1,47.35,0.2199,1
115.55,0.5545,1.5824,300.4,88.99,0.1977,1
61.48,0.128,1.6175,879.1,136.31,0,0
30.56,1,0.408,1101.3,110.64,0.0536,0
130.47,0.3382,1.3345,2172.9,24.63,0.1525,0
57.91,0.1029,1.4483,1231.1,92.83,0.3812,0
100.3,0.411,0.9827,1754.3,31.23,0.5293,0
63.25,0.4877,2.8439,1,66.54,0.1692,1
129.76,0.2768,3.6561,1,104.47,0.1727,1
87.68,0.2483,0.7941,1,87.57,0,0
24.16,0.3656,1.0908,1619.0,0,0.3342,0
81.29,0.2956,0.4767,844.6,141.88,0.1752,0
99.66,0.3007,2.7523,918.8,67.71,0,1
20.05,0.4186,0.9953,1096.9,32.08,0.2199,0
48.17,0.4031,1.0037,2205.3,31.83,0.4738,0
33.09,0.2662,0.4426,1781.7,110.59,0.2774,1
78.21,0.1548,2.4626,1872.7,77.6,0.2527,1
92.72,0.3185,1.0198,555.0,55.79,0.1548,1
95.54,0.2909,0.8145,461.2,0,0.562,1
87.8,0.506,0.7231,1920.0,90.16,0.5405,0
69.53,0.342,0.7248,954.2,95.75,0.5485,0
123.89,0.3662,2.2971,1,47.08,0.2999,1
101.05,0.4262,1.1496,577.0,24.02,0.6304,1
109.28,0.5854,1.2095,525.9,118.83,0.2451,1
65.52,0.3455,0.6303,290.0,63.03,0,0
90.94,0.5009,0.5074,1,107.55,0.2977,1
70.72,0.1098,0,2098.1,64.85,0.3509,0
67.52,0.4244,0.0496,588.0,0,0.0326,0
45.18,0.0248,0.7849,402.4,0,0.2234,1
69.6,0.1993,3.0108,1402.7,158.52,0.1843,1
101.28,0.4878,0.2833,422.5,284.07,0.1678,1
87.04,0.3114,1.9483,203.8,9.63,0.4769,1
76.95,0,1.2211,772.6,129.75,0.3142,0
81.98,0.3657,1.4614,93.2,22.96,0.0795,1
23.06,0.4919,2.1698,1329.8,37.91,0.1426,0
54.6,0.5503,1.674,2117.2,12.13,0.2049,0
25.88,0.0949,1.0603,665.0,44.1,0,0
76.89,0.2989,2.0234,1285.4,0,0.3291,0
49.04,0.6259,1.1734,547.5,51.54,0,1
114.61,0.7315,0,723.7,72.27,0.1311,1
112.61,0.5745,0.9792,2349.9,82.29,0.2016,0
79.79,0.2157,2.5078,1331.6,55.15,0.2129,0
38.23,0.3973,0.0357,902.2,43.8,0.3634,0
106.49,0.4916,1.0897,403.3,59.02,0.2467,1
87.08,0.2477,0.3294,1021.4,175.12,0.6245,1
97.76,0.1718,2.4677,308.0,26.06,0.3355,1
21.69,0.4943,1.1517,1179.4,22.36,0.4193,1
87.96,0.2846,2.0508,1,105.36,0.2285,1
42.18,0.3819,1.6498,384.1,71.63,0.2417,1
83.75,0.5708,0.7824,1821.8,0,0.3102,0
9.81,0.3629,1.85,2316.1,83.45,0.1003,0
105.93,0.3574,1.2885,1541.9,156.49,0,0
71.8,0.347,0.2374,1,75.32,0.1573,1
44.64,0.3253,0.8841,912.3,190.38,0.244,0
135.81,0.5739,2.0708,390.0,59.46,0.0661,1
84.56,0.3379,1.5975,1111.8,91.75,0.1786,1
35.95,0.2705,1.845,785.3,75.8,0.4236,0
87.07,0.0845,1.1276,290.1,76.21,0.3281,0
87.83,0.6495,0.7493,693.5,120.18,0.4424,1
33.9,0.4736,1.7989,794.8,60.32,0.3965,0
84.95,0.4221,0.5414,1,73.42,0.1958,1
86.04,0.2124,1.7712,1186.7,28.19,0.439,1
58.0,0.2246,1.4258,889.7,16.65,0.374,1
69.68,0.2135,0,1198.5,86.93,0.2739,0
118.19,0,2.3423,1854.7,11.39,0.4529,1
41.58,0.1623,1.1087,2179.4,105.32,0.26,0
101.0,0.238,2.5478,1999.4,110.04,0.0923,1
107.52,0.403,1.7793,1695.6,110.55,0.0695,1
122.16,0.4003,1.4917,1330.6,101.82,0.3996,0
76.91,0.318,0.7048,542.1,59.83,0.4479,1
58.21,0.33,1.109,1273.7,125.43,0.6449,0
21.24,0.309,1.7157,1,201.89,0.2268,1
42.21,0.5247,0,1048.6,10.6,0.247,0
83.09,0.4927,1.5702,2360.5,84.34,0.1816,0
112.91,0.3382,1.5764,1,111.73,0.235,1
54.78,0.2319,2.0128,1,300.44,0.4808,1
82.94,0.6921,1.4472,273.5,151.9,0,1
91.0,0.5657,1.6815,1,94.36,0.2254,1
44.02,0,0.1331,549.5,158.79,0.8006,1
99.99,0.2081,0.8211,1657.5,122.97,0.3282,0
78.33,0.5659,3.2124,906.7,91.11,0.3509,1
53.82,0,1.6444,386.5,172.16,0.2865,1
122.41,0.1956,2.2181,1,145.64,0.2026,1
102.81,0.2855,1.8142,1251.8,106.82,0.3385,1
128.82,0.249,2.4631,652.1,164.49,0.7179,1
42.06,0,1.3474,415.8,43.15,0.1841,1
51.32,0.6076,2.2129,1711.4,241.85,0.0958,1
1,0.7142,1.4254,861.0,0,0,0
94.22,0.3242,0,241.7,153.44,0.5057,1
77.5,0.8601,2.1241,2167.2,173.33,0.4162,1
23.13,0.0619,0.5328,1080.8,80.08,0.3249,0
69.3,0.436,2.0888,905.6,59.84,0,0
100.53,0.2108,0.3818,1507.4,144.29,0.386,1
103.36,0.1531,0.9937,515.0,201.09,0.4228,1
61.46,0.5015,1.5372,817.8,112.68,0.4201,1
65.02,0.1249,1.5191,715.2,0,0.0964,1
61.27,0.3549,1.7055,751.3,111.49,0.1753,1
89.1,0.4226,1.7123,1906.0,60.2,0,0
67.27,0.4957,1.2224,1122.7,0,0.0832,1
88.86,0.49,0.5246,1156.9,30.23,0.0195,0
72.49,0.3891,1.5567,1411.0,197.4,0.4397,1
57.37,0.5191,0,970.5,153.74,0.3858,1
98.99,0.6938,0.5333,1456.3,73.47,0.4729,0
74.12,0.4908,2.5921,1341.6,65.31,0.1765,1
45.71,0.5369,2.3811,729.0,0,0.1233,1
85.19,0.1796,0,588.9,0,0.3151,0
55.96,0.3608,2.367,264.4,0,0.2443,1
86.41,0.0927,0.8684,657.0,81.95,0.1269,1
163.22,0.3028,1.3679,560.7,0,0.5262,1
1,0.5942,0.0107,1,72.38,0.6892,1
81.19,0.3156,0.509,1355.5,54.09,0.3928,0
1.28,0.4451,1.4862,1,7.72,0.2205,1
52.97,0.4022,0,280.8,227.98,0.0815,0
55.09,0.3181,0.9494,1744.8,39.95,0.421,0
40.06,0.4892,1.0073,777.7,73.8,0.36,0
28.23,0.1753,3.0335,1254.5,54.74,0.3784,1
67.9,0,1.3452,814.7,104.44,0.0951,1
62.28,0.5556,1.0642,599.7,105.55,0.1712,1
107.38,0.3186,1.527,407.1,0,0.3939,1
79.17,0.4647,1.863,1,88.38,0,1
88.18,0.1546,1.6206,1408.2,42.24,0.2454,0
112.78,0.0523,1.7793,982.9,146.37,0,1
70.12,0.5488,2.4232,361.5,60.43,0.6183,1
20.31,0.3418,1.3597,1022.5,14.6,0.4429,0
101.1,0.6769,0.4863,562.8,156.76,0.6131,1
69.65,0.075,1.0055,1575.3,127.47,0.4726,0
137.37,0.2724,0.386,58.1,71.41,0.4538,1
130.45,0.3894,1.2133,807.0,165.85,0.0976,1
66.33,0.3361,1.1756,2165.8,17.56,0.7411,0
47.06,0.2023,0.6052,1354.1,79.01,0.4742,1
41.17,0.0488,0.8662,1095.8,0,0.2287,1
88.75,0.2048,0.4584,133.4,69.96,0.3413,1
166.16,0.5597,0.0645,1,72.28,0.5644,1
93.0,0.2551,2.1015,1864.1,182.32,0.0367,1
85.31,0.1194,0.4751,5.0,61.66,0,1
97.12,0.3478,0.422,1239.8,187.15,0.3191,0
49.57,0.2989,1.1063,408.9,0,0.1743,1
113.5,0.2011,0,837.9,157.2,0,0
76.65,0.4241,1.6832,1290.0,122.57,0,0
91.56,0.598,1.0005,1160.0,8.99,0.5106,1
48.36,0.6469,0.8581,1374.4,42.66,0.6256,0
1,0.4165,0,56.7,212.44,0.4316,1
1,0.3489,0.6423,1298.9,209.53,0.3808,0
85.21,0.4414,0.2167,1390.8,144.48,0.1275,0
47.51,0.611,1.3882,103.9,50.31,0.1585,1
67.74,0.3369,0.9757,2071.8,138.26,0.5466,0
10.69,0.37,2.2573,1407.8,32.45,0.0988,0
103.6,0.3117,1.7835,1009.6,71.77,0.2741,1
40.96,0.6562,1.6934,1879.5,42.96,0.1419,0
58.83,0.1949,1.8103,1398.8,44.08,0.1861,0
83.18,0.2145,0.8316,1992.3,27.74,0.1466,0
157.67,0,0.1341,2158.1,51.33,0.35,0
144.19,0.2209,0.6676,1187.6,74.69,0.145,0
65.33,0.1109,1.6192,1484.1,68.7,0.2052,1
89.21,0.2531,0.9227,852.2,183.04,0.2402,1
66.02,0.3205,0.8546,224.6,15.66,0.4221,0
50.08,0.3666,0.7714,1,47.47,0.5294,1
55.49,0.2283,0.8149,665.8,96.0,0.1677,0
66.58,0.2616,1.5218,1117.9,94.82,0.3766,1
66.53,0.5683,1.6196,1941.5,74.42,0.3044,0
46.12,0.3528,1.9362,644.2,184.45,0.2551,1
125.41,0.1612,0.9508,552.5,150.74,0.3784,1
67.33,0.268,1.1758,1407.2,138.5,0.2381,0
54.35,0.3684,1.3163,1076.8,48.26,0.5981,0
47.99,0.6222,2.4543,1563.0,211.18,0.3612,0
58.92,0.2558,0.596,1486.1,0,0,0
123.64,0.5323,1.5729,1546.3,134.2,0.2126,0
18.6,0.581,1.6016,1,89.96,0.1563,1
65.96,0.291,1.6961,754.1,0,0.3846,1
87.0,0.0934,1.5682,1521.3,69.33,0.2875,0
43.25,0.035,1.6696,838.5,110.07,0.203,1
60.89,0.3792,1.143,1506.4,50.33,0,0
75.04,0.1154,0,132.3,49.3,0.0908,0
16.22,0.3096,2.2948,1480.6,80.58,0.4342,0
54.59,0.1912,1.8106,141.5,103.38,0.2449,1
57.3,0.2675,2.2235,1,98.83,0.1923,1
44.05,0.357,1.4842,858.0,97.15,0.533,1
48.97,0.4252,0,1219.9,0,0.3763,1
53.37,0.3795,0,916.8,137.68,0.374,0
69.4,0.3488,2.2309,1415.2,36.27,0.134,1
46.2,0.3436,0.1554,1,64.72,0.3006,0
76.52,0.5453,0.0367,540.8,0,0.2992,1
66.34,0.2635,1.2373,405.2,8.46,0.5661,1
98.36,0.3169,0,750.0,120.2,0.284,1
105.32,0.5708,1.1239,572.3,45.39,0.1673,1
101.66,0.2737,0,1225.5,73.07,0.1566,0
1.28,0.5606,1.8267,104.2,90.62,0.0333,1
22.38,0,1.9014,1515.9,58.31,0.238,0
131.42,0.214,0.1337,989.3,118.46,0.1906,0
20.09,0.2119,1.8165,1400.3,0,0.0055,0
35.52,0.3454,3.1861,699.9,84.35,0.0906,1
160.49,0.2417,0.7394,1009.4,0,0.4118,1
69.71,0.1983,0.6638,1,41.11,0,1
54.23,0.2608,0.6699,492.0,21.06,0.4968,1
120.37,0.3195,2.2293,685.5,58.83,0.0842,1
94.41,0.4613,0.0386,1012.0,43.81,0.0696,1
69.1,0.0046,0.8095,2222.7,110.5,0.0229,0
89.37,0.366,0.9113,490.0,80.05,0.1315,1
63.94,0.4831,1.9341,1,47.21,0.5714,1
132.88,0.4166,2.6486,1745.7,70.76,0,0
67.86,0.1192,1.3227,2122.3,97.41,0.093,0
29.07,0,0,2038.7,139.92,0.2238,0
64.65,0.3406,1.1894,1874.5,107.31,0,0
107.12,0.0026,0.8344,1,82.83,0,1
21.78,0.1616,1.9324,770.0,126.7,0.5221,0
78.34,0.4526,0.3275,840.8,0,0.3608,0
101.72,0.5239,1.1746,1526.8,69.83,0.1377,0
87.57,0.4807,3.1833,1410.4,2.93,0.0544,1
24.44,0.3639,0.2103,1853.6,59.59,0.3784,0
75.31,0.4119,0.2671,876.6,50.08,0.2297,1
74.36,0.4727,0.781,1476.5,103.05,0.5778,0
1,0.2343,2.3327,1,183.92,0.2664,1
1,0.4806,0.2527,261.0,182.53,0.1726,1
36.42,0.7114,2.0362,665.8,24.74,0.2092,1
125.21,0.1731,0.0535,1792.2,60.25,0.2701,0
88.37,0.2798,0,751.5,166.87,0.6845,1
65.87,0.3448,2.4289,1317.0,100.68,0,0
55.43,0.3887,0,643.8,199.6,0.1986,0
19.8,0.0103,1.1898,495.6,19.2,0.2955,0
79.97,0.3814,1.5154,39.7,35.16,0.1848,1
68.12,0.5281,0.5446,355.7,184.12,0.2817,1
21.07,0.294,0.0874,104.1,0,0.0908,0
142.09,0.5319,2.4435,1661.3,70.56,0.3307,1
73.6,0.1577,0.1538,1530.2,0,0.2902,0
92.82,0.4855,1.5323,59.5,117.83,0.2223,1
35.79,0,1.6061,1,0,0.5996,1
27.95,0.2744,1.2646,949.2,8.65,0.1083,1
98.2,0.2998,1.1792,1,39.84,0.4215,1
44.48,0.1787,1.5374,1319.1,103.36,0.1367,0
96.24,0.6432,2.253,1,285.06,0,1
27.09,0.4048,1.1151,1152.9,171.81,0.4361,1
38.73,0.363,2.1101,1637.0,158.71,0.4135,1
94.78,0.2576,0.0136,1195.7,48.22,0.4989,0
39.46,0.2814,0.8147,1576.9,132.6,0.2546,0
80.22,0.6407,0,1423.6,155.6,0.4929,1
98.09,0.2107,0.7149,1363.5,38.75,0.2103,0
17.32,0.1354,1.512,601.8,26.89,0.2124,1
80.55,0.303,1.3553,961.9,62.39,0.2477,0
38.95,0.2597,0,83.5,0,0.1702,0
109.56,0.3484,1.3354,240.3,100.1,0.5892,1
66.95,0.2015,0.1507,1084.0,14.11,0.3927,0
34.57,0.0519,1.632,1,122.43,0.4575,1
49.25,0.3875,2.4529,574.6,191.89,0.1843,1
37.18,0.3676,1.4026,1694.1,142.05,0.3239,1
92.97,0.3826,1.9129,536.9,4.31,0.2917,1
164.12,0.4954,0.57,1875.7,0,0.1996,0
83.91,0.2288,0.6652,781.0,42.02,0.0932,0
32.05,0.0692,0.3302,828.9,150.45,0.1173,1
27.59,0.639,0.1711,966.2,14.45,0.1062,0
83.53,0.433,2.3439,1368.1,90.78,0.3749,1
33.94,0.5679,1.6794,1242.9,121.9,0,0
30.31,0.3738,1.3304,1302.5,87.46,0.2131,1
114.02,0.4129,1.872,1736.6,168.48,0.3135,0
95.4,0.3979,2.1653,2496.4,6.86,0.0995,0
125.43,0.3835,0.8131,414.1,145.62,0.3621,1
140.27,0.3336,2.0114,2057.7,0,0.0393,0
79.5,0.2469,0.8207,437.4,69.65,0.0692,1
25.21,0.4193,1.3123,1585.2,116.54,0.3348,0
96.35,0.1853,0.7514,1092.4,145.44,0.3793,1
62.58,0.3165,1.4249,90.5,139.4,0.4045,1
102.52,0.5288,2.0981,1,95.77,0,1
36.66,0.3261,2.2647,1131.8,96.2,0.6071,1
78.44,0.179,0,288.9,87.83,0,0
85.34,0.4056,0.552,972.9,116.15,0.1236,0
95.65,0.221,1.7288,1920.3,102.54,0,0
73.1,0.3646,0.4249,18.4,53.29,0.4237,1
98.63,0.566,1.1596,2275.2,20.77,0.3382,0
61.54,0.6185,1.229,177.5,96.93,0.0256,1
39.47,0.5167,1.1817,1498.9,18.84,0.5094,0
63.86,0,0.3939,1,0,0.3521,1
82.8,0.4563,0.5364,1272.2,0,0.1534,0
64.44,0.2473,1.2904,884.1,112.98,0.3107,0
103.43,0.2636,1.7864,1094.2,97.02,0.2767,0
1,0.6951,0.3762,342.5,57.44,0,1
131.11,0.2385,0.5846,319.2,110.59,0.5292,1
79.55,0.2106,2.3905,1098.5,29.43,0.2356,1
74.6,0.3927,1.2015,916.7,210.4,0.8167,1
76.06,0.1849,0.2548,1469.2,0,0.2136,0
83.82,0.3827,0.8358,2186.4,135.74,0.1558,0
97.41,0.3169,0.7354,614.7,162.78,0.1382,1
67.5,0.5336,1.4737,1068.3,33.43,0.7162,1
98.64,0,2.3738,1,0,0.1104,1
114.02,0.301,1.3896,1,155.28,0.1966,1
24.87,0.4085,1.6409,959.5,170.4,0.3667,0
122.58,0.3401,1.2986,1504.9,161.11,0.1834,0
136.0,0.3708,1.2044,1209.3,20.1,0,0
141.95,0.5416,0.3684,996.0,123.65,0.1524,1
120.16,0.261,2.0932,458.7,115.5,0.56,1
86.6,0.2621,1.3995,1407.4,50.04,0.171,0
131.67,0.6015,0.6031,1,0,0.027,1
60.06,0.3364,0,1008.2,0,0.278,0
126.27,0.1313,0,1016.6,129.05,0.1683,0
78.01,0.5824,2.7204,1318.6,0,0.2839,1
34.99,0.3472,0.9827,500.3,187.18,0.2045,1
18.17,0.4183,1.8175,935.7,25.76,0.1635,0
49.39,0.2592,0.5684,745.3,0,0.2994,0
42.62,0.5079,1.5431,1954.0,0,0.5322,0
65.92,0.4614,2.0008,1572.8,84.31,0.3409,1
66.79,0.481,0.3974,1183.2,187.76,0.6513,1
107.38,0.613,1.6712,1637.7,216.15,0.2391,1
14.43,0.3193,1.3674,323.2,0,0.1514,1
26.95,0.5143,2.7342,1372.8,0,0.2914,1
39.96,0.4004,0.4592,1588.0,129.16,0.1859,0
87.66,0.3614,2.7547,1,108.9,0.4986,1
57.16,0.2602,1.3596,256.2,42.44,0.0452,1
63.79,0,0.6575,1290.9,53.5,0.1676,0
101.46,0.634,0.5365,1743.5,0,0.0808,0
88.75,0.3964,1.3072,1505.4,65.81,0.4025,1
52.89,0.2371,0,1373.5,19.25,0.4515,0
105.34,0.31,1.2785,1038.5,65.65,0,0
120.6,0.2478,1.6765,1104.0,100.28,0.2938,1
101.92,0.1933,2.0929,1016.1,82.75,0.167,1
68.41,0.4542,0.1452,1,60.77,0.3904,1
59.53,0.5968,2.3664,1881.8,181.66,0.3027,1
89.84,0.2272,0,1183.8,25.98,0.2098,0
1,0.5116,1.0184,486.5,0,0.0875,0
40.36,0.1752,0,753.1,56.33,0.4219,0
8.7,0.2698,0.3978,1138.6,76.33,0.4198,0
134.34,0.3502,1.677,375.3,71.12,0.255,0
144.86,0.1449,1.0794,913.6,27.2,0.3205,0
70.5,0.3715,0.55,1414.2,14.87,0.1756,0
99.66,0.6016,0.5248,1336.0,74.03,0.4588,0
73.9,0.6555,2.5794,218.7,57.12,0.0999,1
67.17,0.0229,0,1613.9,103.85,0.4007,0
38.34,0.1608,1.0258,1868.0,85.28,0.2866,0
111.22,0.4183,1.3638,1199.2,66.65,0.5647,1
66.35,0.2203,1.8134,1562.7,46.98,0.3948,0
107.68,0,0,1180.4,14.86,0.5873,0
81.34,0.3317,1.2556,634.1,35.07,0.2744,1
105.1,0.0715,1.4167,585.3,86.03,0.0996,1
75.03,0.157,1.1817,717.8,0,0.3337,1
1,0.2824,0,1079.9,56.48,0.4134,0
62.93,0.3117,2.2085,574.6,77.92,0.5353,1
93.17,0.7069,1.6132,529.3,155.18,0.4345,1
60.44,0.4472,1.1258,1248.7,82.28,0.224,0
129.11,0.4321,0.0025,1045.9,59.06,0.3126,1
78.4,0.4159,0,1,178.04,0.2447,1
116.83,0.445,0.7202,1,115.84,0.3535,1
131.29,0.3135,1.2685,1,37.52,0.2992,0
57.72,0.1927,2.476,2021.9,5.23,0.2698,0
55.0,0.6173,1.4137,1318.1,14.55,0.5155,0
59.54,0.6853,2.1832,444.3,116.88,0.2987,1
62.25,0.485,1.1771,919.7,35.79,0.1011,1
72.68,0.3822,2.1683,1,87.87,0.5688,1
46.27,0.1622,0.3661,1454.0,0,0.2539,0
46.58,0.2464,0.9243,637.8,54.27,0.2392,0
79.41,0.2684,1.6235,564.3,48.21,0.2584,1
9.93,0.2022,0.5988,184.0,63.79,0.1034,1
38.11,0.5329,3.0742,1595.8,100.87,0.4748,1
81.0,0.3031,1.3004,664.9,0,0.0817,1
40.98,0.437,0.7671,1,78.0,0.3073,1
96.93,0.4156,3.3515,292.8,172.2,0.4342,1
47.76,0.3269,0.5285,813.3,48.99,0.161,0
69.82,0.1636,2.2121,1514.7,31.33,0.4225,0
33.2,0.0289,1.4834,1282.6,28.25,0.3552,0
138.62,0.8922,0.4144,1128.7,0,0.8163,1
54.75,0.5048,1.285,160.1,65.52,0,1
47.6,0.3017,1.4025,1,75.41,0.7606,1
36.69,0.4087,0.8192,1,10.32,0.1133,0
99.64,0.3437,1.0017,1371.3,89.04,0.217,0
93.39,0.1023,1.0144,1777.3,0,0.0919,0
75.47,0.3912,0.8973,1200.9,17.94,0.4459,0
76.81,0.6767,1.9619,1286.1,179.13,0.0894,1
59.74,0.035,1.9834,2057.9,46.02,0.0066,0
109.37,0.2173,0.746,1977.7,54.89,0.2127,0
126.41,0.4564,0.2424,1953.7,0,0.4515,0
87.16,0.2558,0.499,121.3,201.03,0.2749,1
47.93,0.4533,2.2842,1123.2,128.79,0.4408,1
72.06,0.407,1.0962,205.4,0,0.3401,1
45.21,0.3462,0.9771,1579.2,99.6,0.3113,0
59.97,0.3252,0.8941,1074.7,0,0.246,0
82.86,0.4208,0.2303,605.2,53.35,0.142,1
27.41,0.1544,1.2082,1169.8,90.36,0.0757,0
83.47,0.3142,0.754,252.3,44.35,0.3934,1
63.56,0.3278,0.2991,2853.3,0,0,0
51.63,0.3859,2.7962,1259.6,101.06,0.4339,1
73.33,0,1.4294,1052.1,231.88,0.1058,1
114.01,0.1052,2.5795,992.8,138.59,0.3908,1
93.72,0.3676,0.6096,788.2,26.42,0.2275,0
13.69,0.381,2.0796,1741.3,171.97,0.2805,1
64.6,0.3041,1.5531,1402.0,103.67,0,0
118.23,0.4359,2.0916,936.3,61.73,0.6375,1
32.56,0.0461,2.9962,1068.3,50.01,0.133,1
1,0.6861,1.8351,1257.0,137.73,0.0671,1
86.04,0.5454,0,1317.2,132.3,0.2703,0
39.01,0.3202,0.7876,1154.0,42.75,0.4029,1
51.86,0.2564,2.2517,787.5,117.21,0,0
123.23,0.0886,1.2872,742.8,26.59,0.1951,1
113.23,0.663,0.987,649.8,0,0.593,0
32.69,0.1862,1.2943,1413.8,186.63,0.6849,0
96.38,0.2636,0.6089,775.0,136.31,0.441,1
91.59,0.009,0.6905,1919.7,42.68,0.2339,0
165.44,0.3367,2.4811,2187.1,133.07,0.163,1
1,0.1954,1.779,1314.4,162.06,0.0288,0
76.98,0,0.4055,1270.5,0,0.4133,0
134.07,0.0915,0.967,2102.9,115.04,0.3295,0
73.76,0.1031,1.0768,1800.7,86.09,0.3943,0
57.34,0.1931,0.8119,162.9,0,0.246,1
61.99,0.1807,1.8265,247.9,109.79,0.3497,1
128.31,0.4116,1.9106,952.3,0,0.4211,1
128.78,0.3276,3.0844,1546.7,220.07,0.2138,1
39.04,0.3601,0.5464,1038.9,63.09,0.2829,0
66.85,0.1746,0.7235,1788.4,75.55,0,0
1,0.292,1.4509,73.8,0,0.3622,0
181.79,0.507,0.3031,817.6,71.68,0,1
20.85,0.3243,1.9111,1077.0,32.17,0.3519,1
88.24,0.1731,0.104,1351.6,159.54,0.3311,0
111.27,0.6141,0,1235.0,172.12,0.4767,1
119.95,0.2442,1.8136,1443.4,38.13,0.2881,1
23.39,0.1972,1.4948,1636.0,79.94,0.5568,0
122.13,0.1731,1.1088,547.6,137.63,0.3936,1
42.22,0.5163,0.0114,1724.5,0,0.2142,0
45.22,0.4717,1.4273,1,0,0.1326,1
111.43,0.6436,1.8138,1896.1,27.28,0.3333,0
74.44,0.1556,0.8846,650.2,111.93,0.3491,1
50.8,0.2543,0,1253.7,72.76,0.2442,0
89.1,0.2608,0.3326,478.6,55.94,0.2935,1
48.8,0.2707,0.0034,614.7,0,0.1178,0
88.9,0.3809,1.0594,742.8,143.02,0.0143,0
85.48,0.221,1.4504,793.5,41.97,0.3125,1
47.38,0.1317,0.7653,21.7,90.16,0.1284,1
25.76,0.4156,1.5616,770.8,59.54,0.4327,0
60.51,0.3965,0.1785,1290.3,69.99,0.3536,0
60.44,0.2145,0.1182,755.6,47.84,0,0
113.78,0.5346,0,1,0,0.2813,1
163.79,0.1373,0.9145,1833.0,45.33,0.4732,0
102.69,0.3447,1.9939,1555.1,0,0.2151,0
47.98,0.3553,0.1077,202.5,83.9,0.2485,1
118.5,0.3879,2.4891,1817.3,159.65,0,1
42.95,0.4334,0.0091,530.5,126.8,0.2595,0
57.79,0.6618,0.8201,1677.9,76.52,0.2698,0
57.45,0.1987,1.0005,1,122.78,0.2726,1
54.6,0.493,0.262,1,109.5,0,1
21.16,0.3793,2.0697,355.0,17.55,0.5513,0
20.56,0.5026,1.5869,392.0,70.45,0.078,0
46.69,0.3225,0.5638,1,129.87,0.1291,1
97.88,0.3223,3.7315,1290.7,0,0,1
38.63,0.2729,0,111.8,81.06,0,0
66.5,0.3919,0.2956,1322.8,85.95,0.4687,0
93.26,0.3117,1.0582,1223.3,106.44,0,0
102.43,0.249,2.2206,1025.4,34.53,0.25,1
120.42,0.2151,0,721.0,168.16,0.5676,0
106.15,0,0.9866,565.4,67.65,0.031,1
60.37,0.1369,3.2881,941.9,43.77,0.0021,1
103.53,0.455,2.2458,1142.6,47.21,0.1044,1
43.25,0.2771,1.8168,513.9,99.9,0.4006,1
54.11,0.5261,1.5783,1168.2,78.18,0.2847,0
39.89,0.1991,1.4252,1526.1,63.87,0.3504,0
61.92,0.2091,1.2112,1169.0,31.79,0.1312,0
52.67,0.3829,0,1092.0,98.31,0.2911,0
50.32,0.4004,0.207,367.2,135.93,0,1
47.44,0.246,1.7846,1,38.77,0.0329,1
127.96,0.3003,0.7326,979.6,140.48,0,0
32.17,0.3893,0.6332,1,30.37,0.2813,1
81.4,0.7028,0,1,0,0.4446,1
38.64,0.0766,1.9311,381.9,158.07,0.2929,1
46.84,0.5109,1.9343,1951.4,51.05,0.1863,0
121.52,0.5501,1.4314,305.0,6.69,0,1
35.32,0.3128,0.1274,1404.5,0,0.0898,0
46.19,0.4596,1.6704,38.5,96.01,0.0411,1
80.2,0.1304,1.3153,1928.0,222.81,0.4673,0
33.89,0.2566,0.3601,472.9,0,0.1239,0
109.12,0.7522,1.5912,1042.3,127.11,0,1
40.4,0.4949,0.9903,642.3,139.79,0,0
110.85,0.2038,1.707,900.5,130.99,0.4485,1
34.58,0.5007,1.6558,1897.8,43.03,0.4875,0
95.5,0.2704,2.101,639.4,143.92,0.2299,1
73.78,0.3622,2.1126,839.3,120.65,0.3699,1
39.93,0.5163,2.5256,1257.6,108.4,0.0796,1
115.13,0.0739,1.3297,1984.9,31.77,0.3579,0
44.58,0.4685,0,611.4,35.36,0.2703,0
10.46,0.6214,1.4791,557.8,184.23,0.2452,1
78.98,0.4019,2.6317,1010.3,5.26,0.2679,1
84.69,0.3453,0.6153,334.3,0,0.3462,1
40.79,0.2343,1.6586,1655.5,7.51,0.1797,0
56.21,0.4411,0.264,338.4,109.4,0.1294,1
34.0,0.348,0.3753,708.5,169.87,0.2147,0
65.2,0.2653,0,1024.1,151.18,0.5025,1
169.87,0.2968,1.3816,130.0,209.64,0.4483,1
103.63,0.4574,1.0806,1,167.5,0.3835,1
79.02,0.2012,1.9808,1109.1,94.04,0.0286,1
30.73,0.3339,1.1045,172.0,201.42,0.1623,1
67.71,0.3968,2.5249,357.4,67.0,0,1
106.71,0.4267,1.3426,1099.1,207.12,0.228,0
49.56,0.2458,2.1279,1311.7,113.61,0.1203,0
89.13,0.4582,1.2954,807.8,113.14,0.3299,1
53.2,0.2938,0,1318.2,72.32,0.5599,0
7.55,0.3805,1.7337,411.0,113.81,0.3066,1
88.53,0.308,0,956.6,86.59,0.1038,1
23.61,0.4441,1.5568,2005.5,23.54,0.4871,0
70.6,0.2607,1.6493,1513.6,43.24,0.5641,0
70.66,0.128,0.1752,1650.4,41.29,0.2678,0
73.71,0.3298,2.0814,562.7,2.32,0,1
65.85,0.3025,2.3144,407.1,151.63,0.1922,1
130.22,0.1747,0.839,1375.0,163.19,0.4188,0
23.27,0.5459,1.1916,1,40.88,0.1803,1
42.03,0.5851,1.6832,1697.6,18.39,0,0
85.83,0.3561,1.9769,1362.1,90.91,0.4102,1
72.68,0.3869,2.9806,1802.8,6.36,0,0
117.51,0.2714,1.0815,558.3,102.9,0.1672,1
28.34,0.0287,0,162.1,165.73,0.0625,1
69.18,0.5519,2.3825,510.1,129.79,0.1749,1
2.16,0.5223,1.2991,286.1,94.42,0.3167,1
75.83,0.1757,1.0428,1113.9,132.77,0.2068,0
32.09,0.4264,2.3133,483.1,115.41,0.4597,1
107.04,0.592,1.455,1885.4,174.66,0.0845,0
80.85,0.3923,0.5839,669.6,0,0.3921,1
99.71,0.5572,2.4138,476.5,68.8,0.5587,1
107.79,0.2172,0,739.8,5.21,0.2625,0
103.98,0.0895,1.4473,49.0,253.77,0.2603,1
86.63,0.1621,0,228.8,13.03,0.4845,1
29.84,0.4989,1.5793,821.9,0,0.1401,0
103.98,0.4467,1.3346,1,88.82,0.3007,1
52.99,0.428,0.5607,1,34.97,0.1119,1
112.67,0.4795,1.1545,517.3,119.08,0.5488,1
36.15,0.235,2.2357,1236.6,49.31,0.4811,1
89.31,0.1803,1.4472,895.0,195.69,0.3715,1
86.92,0.374,1.6689,1,0,0.3279,1
83.99,0.2774,0,138.6,117.65,0.2754,0
47.55,0.1828,1.4398,794.4,68.85,0.1491,1
75.26,0.4009,0.6363,2063.9,38.79,0.2833,0
15.7,0.1702,2.0284,1408.5,95.03,0.1155,0
82.38,0.1713,2.163,1,53.05,0.0906,0
115.32,0.3144,2.3136,1912.0,111.83,0,1
43.62,0.2602,1.5604,1165.7,0,0.4069,0
34.49,0.2863,1.4317,809.2,189.82,0.4779,1
23.83,0.1474,2.2348,979.3,123.99,0.255,1
113.07,0.4889,1.9078,426.3,122.52,0,1
61.57,0.2356,0.501,244.2,0,0.4977,1
62.55,0.3181,1.6511,1645.6,173.58,0.1637,0
76.58,0.187,1.8595,914.7,143.64,0.4155,1
97.36,0.4465,1.2783,30.1,103.04,0.5867,1
54.81,0.2281,1.7562,2072.0,7.13,0,0
48.48,0.3679,1.0715,717.8,44.81,0.1206,0
41.05,0.4148,1.7152,1,190.73,0.3383,1
89.39,0.2991,1.4293,113.5,190.84,0.533,1
61.62,0.1126,0.9247,1313.9,52.43,0.0909,0
75.63,0.1927,2.4017,1561.9,126.47,0.1084,1
77.24,0.5497,0,1044.0,178.44,0.6123,0
36.73,0.3997,2.1399,1744.1,0,0,0
75.4,0.4397,1.0879,670.5,169.46,0.5455,1
49.27,0.3784,0.1588,2114.8,0,0.036,0
38.86,0.1613,2.3498,2525.2,98.25,0.1828,0
95.26,0.1867,2.404,874.5,109.44,0.1117,1
62.85,0.0585,1.2168,1523.2,0,0.048,0
53.33,0.2943,1.1188,868.4,99.86,0.2429,1
11.13,0.4065,2.2831,1080.6,0,0.2965,1
86.64,0.1719,1.2686,1793.5,193.22,0.2753,0
87.76,0.3203,0.8311,1869.5,147.37,0.3734,0
51.57,0.6141,2.1364,1,156.2,0.2837,1
79.75,0,0,1592.7,26.31,0.4125,0
23.55,0.0845,2.9197,1536.6,71.01,0.2947,1
45.2,0.4141,2.2615,609.2,113.99,0,1
133.05,0.5308,1.173,665.9,178.77,0.149,1
82.94,0.2935,0.3695,1627.2,51.15,0.3428,0
57.84,0.3258,1.0461,441.6,131.33,0.2326,1
100.2,0.4844,2.3001,555.9,126.46,0.2151,1
69.22,0.2214,0.773,1341.1,56.06,0.1041,0
99.69,0.4142,0.1033,974.0,158.98,0.4692,1
51.2,0.1501,0.871,1840.9,132.06,0,0
100.06,0,2.9393,1491.8,52.38,0.2714,1
93.14,0.2612,1.6172,809.3,62.44,0.555,1
1,0.3585,0,772.5,30.43,0.7593,0
52.0,0.3253,0.6434,1522.6,44.29,0.119,0
135.46,0.4906,1.4421,2588.7,35.69,0.0875,0
42.23,0.5666,0.6431,1733.2,35.94,0,0
41.94,0.4017,2.2731,1810.9,105.65,0.3868,1
1,0.3973,1.2347,683.7,33.39,0.4259,1
109.87,0.7036,1.0247,342.8,211.97,0.1859,1
51.78,0.1003,1.5781,1324.0,139.05,0.2946,0
89.04,0.4498,1.6629,1724.9,139.67,0.2878,0
51.2,0.4945,0.6806,796.6,29.86,0.6766,1
36.01,0.4695,1.8087,1513.4,77.23,0.2668,1
63.11,0,0.5122,1854.8,22.86,0.277,0
162.32,0.1757,0.7458,723.6,0,0.0763,0
20.0,0.4479,0.9776,1,136.71,0.4444,1
57.34,0.5204,1.7286,259.9,99.69,0.2869,1
40.77,0.1652,1.5671,2514.7,77.39,0.2921,0
33.09,0.3033,1.0179,636.3,34.09,0.2403,0
50.3,0.5735,3.0449,367.1,54.55,0.3367,1
90.41,0.2126,0.6862,1310.6,0,0.693,0
80.55,0.2953,1.0647,148.6,206.18,0.2332,1
54.77,0.6663,2.1287,763.9,110.54,0.1836,1
57.32,0.3102,1.4677,1666.4,218.43,0,0
151.28,0.5344,1.2149,599.0,0,0.4889,1
31.69,0.4673,0.8267,1,109.29,0.3473,1
37.25,0.5047,2.8249,1243.5,110.2,0.1032,1
33.62,0.2769,1.2621,908.2,66.08,0.7483,1
89.99,0.1743,0.1195,1,9.33,0.3657,1
60.02,0.2253,1.7307,1284.4,106.0,0.2474,1
68.71,0.1127,0,335.5,24.79,0.0862,0
63.94,0.2647,0.0259,828.0,103.52,0.1515,0
98.67,0.4068,1.5505,638.5,108.94,0.3865,1
2.48,0.5423,0.74,1355.4,0,0.1632,0
10.53,0.3233,1.3633,1184.9,81.45,0,0
115.6,0.1079,0.8973,356.3,37.82,0,0
108.0,0.4843,1.2645,799.0,12.8,0.228,1
38.22,0.3656,1.5544,727.0,107.93,0.3667,1
98.16,0.7055,0,36.3,0,0.2104,0
14.19,0.2545,1.9543,1410.5,194.77,0.4207,0
105.46,0.2548,0.8777,1515.2,140.1,0,0
21.4,0.174,0.426,1822.2,206.41,0.316,0
81.92,0.6996,1.6038,1291.3,106.09,0.3249,0
117.22,0.4807,1.2768,624.8,98.2,0,1
86.13,0.3727,1.4887,90.3,112.81,0.2866,1
69.75,0.4166,0.4533,1,111.79,0,1
90.83,0.7222,1.5337,1497.6,193.94,0.4588,1
149.7,0.1932,0.8929,1238.3,0,0.2487,0
72.34,0.5836,2.1605,1436.4,128.77,0.2623,1
80.23,0.4867,2.1105,396.7,111.47,0.2349,1
79.29,0.5578,0.9744,254.6,16.23,0.1354,1
91.33,0.3202,0.6618,1440.9,91.2,0.3901,0
146.76,0.6886,1.5104,1137.2,157.96,0.5056,1
57.46,0.1295,1.9767,1057.6,122.71,0.3586,0
45.56,0.2582,2.1642,786.9,25.29,0.1949,1
83.92,0.2582,2.7637,1468.6,0,0.2959,0
124.91,0.9433,0.7763,917.3,0,0.3613,1
86.76,0.401,0.2242,1446.9,207.97,0.5217,1
82.68,0.3409,2.0085,801.2,0,0,1
117.89,0.5894,1.0871,341.2,58.98,0,1
61.11,0.6645,0.637,343.9,0,0.2911,1
36.75,0.4671,0.9223,2076.9,121.39,0.3454,0
20.76,0.3543,1.4734,1140.0,104.88,0.2745,1
29.13,0,0.1954,1609.8,136.02,0.4785,0
81.48,0.3909,1.2156,1,92.47,0.1205,1
48.68,0.1721,1.1395,1540.6,135.98,0.0558,0
78.48,0.3366,0,1558.1,34.71,0.3661,0
42.31,0.49,2.3236,1083.0,118.02,0.1193,1
58.9,0.1486,2.1474,1730.4,46.41,0.2576,0
46.66,0.1144,0.7367,62.0,0,0.3092,0
35.15,0.3425,0,962.1,31.55,0.1249,0
100.47,0.328,1.4692,937.4,113.68,0.0917,1
69.59,0.308,1.838,496.5,132.73,0.3557,1
49.66,0.4808,0.8407,452.0,23.96,0.0351,1
80.89,0.3146,0.9237,1497.9,141.72,0.272,0
2.26,0.4373,0,275.2,68.74,0.5569,0
1,0.0744,0.5561,1383.8,0,0.09,0
112.45,0.5087,0.6529,1609.7,85.96,0.0686,0
45.03,0.237,0.2292,1221.2,150.7,0,0
93.32,0.162,1.1347,1112.5,150.97,0.2452,0
78.71,0.6433,2.6537,1637.2,132.53,0.3516,1
127.37,0.4827,0.5899,974.3,108.76,0,1
49.77,0.6579,0.1767,1256.9,101.91,0.443,1
42.8,0.2102,1.2479,459.8,188.38,0.2864,1
99.86,0.1707,1.7312,2642.7,76.16,0.0258,0
109.85,0.2646,0.0404,110.6,0,0.3545,1
40.25,0.1936,0.8652,1198.1,142.31,0.4966,0
58.37,0.5329,0.4914,2097.5,123.41,0.3031,0
14.41,0.5253,0.7789,472.0,22.54,0.1288,1
87.28,0.4269,1.2468,2211.2,0,0.3072,0
23.51,0.4515,1.716,995.0,115.43,0.3669,1
86.94,0.1009,1.9897,2124.1,158.66,0.198,0
138.81,0.3945,2.2551,1377.9,181.0,0,1
42.25,0.4444,0.9849,645.5,185.27,0.1378,1
80.82,0.4178,0.9963,1,0,0.1983,1
147.04,0.2204,1.1788,2354.5,82.68,0.3519,0
80.91,0.1992,0.4279,548.3,79.48,0.1033,0
52.71,0.3968,2.2796,2551.9,30.21,0.3069,0
35.62,0.2386,0,2108.6,50.18,0.4419,0
33.09,0,2.7374,1,7.64,0.4905,1
73.13,0.3165,2.4014,702.2,136.07,0.0027,1
119.96,0.2499,1.3608,397.1,23.06,0.194,1
102.11,0.3059,1.3751,569.8,172.67,0,1
11.32,0.6046,0,2104.7,78.94,0.3369,0
81.31,0.2316,1.6661,2326.2,165.4,0.1075,0
113.4,0.139,1.0035,1002.1,167.06,0,1
106.77,0.2758,0,1598.3,50.85,0,0
97.89,0.0464,0.8599,111.5,23.25,0.4678,1
92.22,0.0786,0.9971,947.7,174.95,0.3421,0
27.65,0.1176,1.7975,1434.5,37.95,0.1248,0
87.84,0.4021,0,710.0,137.64,0,0
100.47,0.1254,1.409,307.8,0,0.2942,1
66.42,0.6239,1.9485,1,102.96,0.4463,1
99.7,0.6849,2.9579,405.4,107.18,0.7303,1
114.74,0.2293,0,1,125.92,0.2285,1
63.58,0.2457,0.4257,1331.6,78.07,0.3362,0
12.7,0.6722,2.2609,1649.4,0,0.4281,1
19.82,0.4272,2.2465,1650.2,130.84,0.6205,1
75.78,0.2047,0.725,913.5,138.71,0.0374,0
98.53,0.3456,0.7862,246.2,47.0,0.3111,1
63.19,0.4858,0,1,7.41,0.4719,1
65.13,0.3567,1.7326,1359.4,42.62,0,0
57.45,0.0749,1.1396,363.4,100.12,0.2892,0
57.26,0.4643,3.7532,1,249.87,0.0554,1
22.59,0.177,1.8605,1051.0,36.6,0.1341,1
43.41,0.4565,2.3294,721.3,32.45,0.1748,1
1,0.3402,1.5446,641.5,44.67,0.4742,1
80.97,0.4198,1.6528,1000.3,171.95,0,1
68.91,0,0.8216,2302.3,0,0.0294,0
67.38,0.5054,1.8122,519.4,198.83,0.2384,1
109.85,0.6368,0.3152,1,117.51,0.2872,1
71.19,0.3983,1.1096,1993.0,0,0.5042,0
79.06,0.3271,0.3226,1762.6,0,0.2716,0
109.81,0.0521,1.4845,1117.6,109.88,0.157,1
90.49,0.5369,0.9296,2358.4,0.45,0.1143,0
112.09,0.311,0.3568,587.4,186.02,0.4088,1
37.58,0.0128,2.543,1071.9,50.42,0.0685,0
1,0.1122,1.4703,554.4,195.18,0.4338,1
49.27,0.1831,2.3612,638.9,265.05,0.2693,1
22.23,0,0.538,1911.8,62.7,0,0
48.12,0.2978,2.4329,1202.8,69.5,0.3106,1
147.85,0.5406,0.5327,1378.9,159.24,0.7159,1
80.04,0.2918,1.5219,565.9,90.56,0.089,1
70.82,0.0878,1.9596,1459.0,0,0.3994,0
50.39,0.6043,2.1039,1660.9,121.38,0.0414,0
1,0.3744,0.0545,1032.9,0,0.4062,0
88.05,0.1197,0.3318,1196.7,141.96,0.296,1
45.71,0.3791,0.9962,525.8,0,0.2583,0
41.34,0.327,0,1485.4,40.69,0.2659,0
122.5,0.6297,1.7958,185.2,73.83,0.31,1
79.43,0.3753,1.9383,1360.9,165.33,0.4145,1
45.68,0.2926,1.1886,1189.0,45.58,0.2479,0
58.39,0.2538,1.5716,1536.9,204.07,0.4545,1
56.27,0.5788,0,1190.9,40.86,0.1398,0
139.34,0.2743,1.4214,1313.4,78.22,0,0
81.48,0.2884,1.1048,883.8,111.93,0.3322,1
16.85,0.3896,2.7877,1,15.16,0.112,1
1,0.0206,0.3366,1704.3,54.29,0.0634,0
64.12,0.438,1.6368,929.7,264.91,0.3029,1
85.17,0.2545,0.4246,84.9,0,0.3601,0
75.67,0.2365,0.8842,1641.5,65.49,0.2568,1
80.13,0.4395,0.5194,1,0,0.3206,1
49.82,0.2884,0,339.6,88.36,0.2579,0
32.24,0.1421,2.9343,725.2,72.36,0,1
42.66,0.3001,0.1647,963.4,0,0.1011,0
42.06,0.0512,0,984.1,7.86,0.2129,0
64.9,0.4097,1.9312,446.6,0,0.289,1
99.95,0.2878,1.1402,764.2,69.18,0.377,1
55.85,0.4587,1.5729,2405.2,29.51,0.48,0
98.1,0.1299,1.7095,1328.2,37.36,0,0
96.1,0.1167,1.0448,1,121.54,0,1
49.44,0.2484,1.1937,1,112.16,0.3467,1
57.29,0.2988,0,2023.7,64.13,0.3794,0
76.4,0.36,1.8199,452.4,151.34,0.565,1
77.03,0.3218,2.0798,1189.3,53.75,0.1817,1
74.38,0.4872,0.7467,1453.0,217.38,0.3685,0
67.8,0.4524,0.8021,116.3,26.89,0,1
103.64,0.2641,0,1257.6,105.4,0.3107,0
23.06,0.1488,2.7858,476.7,111.9,0.2746,1
21.5,0.0846,1.6459,682.9,60.24,0.4584,1
13.2,0.3392,2.2543,1490.2,60.68,0.3439,1
91.85,0.1924,0,1505.2,83.75,0.6138,0
47.47,0.5293,1.9471,1244.8,82.02,0.0609,1
59.78,0.2612,1.2208,167.5,97.21,0.6064,1
39.27,0.4456,0,1250.9,98.35,0.0679,0
89.29,0.3688,2.8274,979.2,107.64,0.2208,1
30.73,0.8183,1.3644,1114.1,85.94,0,0
22.4,0.0485,2.3889,1251.5,56.53,0,0
40.92,0.3313,0.0896,1511.0,23.72,0.1937,0
66.48,0,1.9283,928.1,0,0.1718,1
58.31,0.1638,1.5139,1743.1,104.27,0,0
46.28,0,1.3805,201.2,99.28,0.4102,0
100.74,0.3874,0.9698,1,232.69,0.6918,1
66.73,0.4277,0.1648,628.4,81.83,0.132,0
131.51,0.406,0.6409,614.4,97.04,0,0
86.88,0.3429,2.0086,1148.8,34.27,0.116,1
118.52,0.4272,1.7361,1315.7,73.66,0.031,0
132.96,0.3152,2.3594,837.6,157.51,0.0768,1
23.93,0.2997,0.7658,1362.7,104.05,0,0
44.05,0.0982,0.5263,834.9,36.54,0.4833,0
84.64,0.1971,2.3587,1537.5,93.7,0.1771,1
137.79,0.4936,0.2325,1013.1,21.7,0.429,1
34.0,0.2354,0.6442,1236.3,6.54,0.2515,1
1,0.503,0,1023.7,97.48,0.1501,0
108.48,0.5532,2.166,1693.9,102.92,0.1741,1
79.22,0.5483,1.1524,1,0,0.6105,1
41.19,0.2401,2.0501,1527.7,119.1,0.2789,1
1,0.7493,0.859,1662.7,89.92,0.1429,0
60.65,0.3197,2.6858,1,107.78,0.6112,1
52.16,0.3565,0.1431,2051.9,0.65,0.3792,0
1.17,0.1948,1.4,120.5,62.12,0,1
73.11,0.1372,0.2455,1086.0,0,0.3762,0
41.42,0.6375,0.7272,282.6,87.56,0.4495,1
1,0.2345,2.3319,172.1,0,0,1
57.89,0.1239,1.6035,1,46.63,0.2115,0
48.69,0.3071,0.333,277.0,166.0,0.3348,0
84.78,0.5399,1.5633,686.1,120.57,0.2009,1
131.09,0.3876,1.2417,1994.2,137.74,0.1094,0
86.74,0.1196,0.9773,1022.9,89.83,0.2169,0
36.56,0.4218,1.7,427.8,78.44,0.3486,0
87.23,0.4138,1.6271,1322.9,130.67,0.3414,1
52.21,0.4103,0.5994,490.9,103.95,0.2618,1
46.32,0.4508,0.5198,1222.7,0,0.5144,0
87.07,0.4334,1.216,1,0,0.2647,1
57.01,0.4088,2.1342,1191.0,12.8,0.3769,0
48.65,0.4221,1.738,536.4,182.21,0.1818,1
71.03,0.5789,1.3684,317.9,55.58,0.2963,1
54.48,0.2585,2.0524,764.5,201.66,0.2178,1
34.27,0.3058,2.038,494.9,158.25,0.2514,1
83.83,0.2194,1.2292,896.0,153.4,0.1569,0
15.32,0.1514,0.5889,1345.4,17.38,0.0541,0
59.34,0.3464,1.1213,1.3,58.04,0.4405,1
83.75,0.4189,0.5167,703.1,0,0.3639,0
